Type,Name,Request Count,Failure Count,Median Response Time,Average Response Time,Min Response Time,Max Response Time,Average Content Size,Requests/s,Failures/s,50%,66%,75%,80%,90%,95%,98%,99%,99.9%,99.99%,100%
POST,/ws,843026,0,4,4.332461265374688,0.8854419993440388,57.610048999777064,360.0,9533.304407976053,0.0,4,5,5,5,6,7,9,11,20,31,58
GET,/ws/soapservice.wsdl,50,0,10,11.0286579399326,4.707144999883894,27.311417999953846,3881.0,0.5654217312381856,0.0,10,11,13,13,18,24,27,27,27,27,27
,Aggregated,843076,0,4,4.332858394261915,0.8854419993440388,57.610048999777064,360.2088186592905,9533.869829707292,0.0,4,5,5,5,6,7,9,11,20,31,58
