Type,Name,Request Count,Failure Count,Median Response Time,Average Response Time,Min Response Time,Max Response Time,Average Content Size,Requests/s,Failures/s,50%,66%,75%,80%,90%,95%,98%,99%,99.9%,99.99%,100%
POST,/echo,72087,0,300.0,303.8584924331282,21.578201000011177,60487.68006699993,2000048.0,599.8888397865892,0.0,300,340,370,390,430,480,540,590,740,910,60000
,Aggregated,72087,0,300.0,303.8584924331282,21.578201000011177,60487.68006699993,2000048.0,599.8888397865892,0.0,300,340,370,390,430,480,540,590,740,910,60000
