Type,Name,Request Count,Failure Count,Median Response Time,Average Response Time,Min Response Time,Max Response Time,Average Content Size,Requests/s,Failures/s,50%,66%,75%,80%,90%,95%,98%,99%,99.9%,99.99%,100%
grpc,/Service/Echo,76801,0,100.0,108.3566998301455,6.225017999895499,400.04169900021225,2000025.0,638.9205537087151,0.0,100,120,130,140,160,170,190,200,250,310,400
,Aggregated,76801,0,100.0,108.3566998301455,6.225017999895499,400.04169900021225,2000025.0,638.9205537087151,0.0,100,120,130,140,160,170,190,200,250,310,400
