Type,Name,Request Count,Failure Count,Median Response Time,Average Response Time,Min Response Time,Max Response Time,Average Content Size,Requests/s,Failures/s,50%,66%,75%,80%,90%,95%,98%,99%,99.9%,99.99%,100%
POST,/echo,69918,0,160.0,162.356441206115,23.152736999691115,602.4690790000022,2000048.0,582.0413490035197,0.0,160,180,190,200,230,260,300,330,430,550,600
,Aggregated,69918,0,160.0,162.356441206115,23.152736999691115,602.4690790000022,2000048.0,582.0413490035197,0.0,160,180,190,200,230,260,300,330,430,550,600
