Type,Name,Request Count,Failure Count,Median Response Time,Average Response Time,Min Response Time,Max Response Time,Average Content Size,Requests/s,Failures/s,50%,66%,75%,80%,90%,95%,98%,99%,99.9%,99.99%,100%
POST,/ws,31918,0,730.0,726.2821150943989,28.05602500029636,4858.762581000519,2000352.0,265.9509626708922,0.0,730,760,790,1300,1400,1500,2100,2200,3500,4200,4900
GET,/ws/soapservice.wsdl,200,0,31,36.50452805998157,1.9014439994862187,119.988499000101,3881.0,1.6664638302581125,0.0,31,43,48,54,70,87,110,110,120,120,120
,Aggregated,32118,0,730.0,721.9868439876401,1.9014439994862187,4858.762581000519,1987919.8996201507,267.6174265011503,0.0,730,760,790,1300,1400,1500,2100,2200,3500,4200,4900
