Type,Name,Request Count,Failure Count,Median Response Time,Average Response Time,Min Response Time,Max Response Time,Average Content Size,Requests/s,Failures/s,50%,66%,75%,80%,90%,95%,98%,99%,99.9%,99.99%,100%
POST,/ws,34163,0,160.0,163.596924619034,29.268874999615946,883.363320999706,2000352.0,284.4776976088119,0.0,160,170,190,240,280,340,400,450,600,790,880
GET,/ws/soapservice.wsdl,50,0,55,54.4820837800944,14.340288999846962,87.99290600018139,3881.0,0.416353507608834,0.0,58,69,73,73,76,78,88,88,88,88,88
,Aggregated,34213,0,160.0,163.43746061289755,14.340288999846962,883.363320999706,1997434.2918188993,284.89405111642077,0.0,160,170,190,240,280,340,400,450,600,790,880
