Type,Name,Request Count,Failure Count,Median Response Time,Average Response Time,Min Response Time,Max Response Time,Average Content Size,Requests/s,Failures/s,50%,66%,75%,80%,90%,95%,98%,99%,99.9%,99.99%,100%
grpc,/Service/Echo,78028,0,58,60.18853820604304,17.380858000251465,261.0490770002798,2000025.0,649.7920714428531,0.0,58,66,71,74,84,94,110,120,150,240,260
,Aggregated,78028,0,58,60.18853820604304,17.380858000251465,261.0490770002798,2000025.0,649.7920714428531,0.0,58,66,71,74,84,94,110,120,150,240,260
