Type,Name,Request Count,Failure Count,Median Response Time,Average Response Time,Min Response Time,Max Response Time,Average Content Size,Requests/s,Failures/s,50%,66%,75%,80%,90%,95%,98%,99%,99.9%,99.99%,100%
grpc,/Service/Echo,75759,0,190.0,203.37480070057663,11.568083000383922,584.1571029995976,2000025.0,629.033295399993,0.0,190,220,250,270,300,330,360,370,460,550,580
,Aggregated,75759,0,190.0,203.37480070057663,11.568083000383922,584.1571029995976,2000025.0,629.033295399993,0.0,190,220,250,270,300,330,360,370,460,550,580
