Type,Name,Request Count,Failure Count,Median Response Time,Average Response Time,Min Response Time,Max Response Time,Average Content Size,Requests/s,Failures/s,50%,66%,75%,80%,90%,95%,98%,99%,99.9%,99.99%,100%
POST,/ws,34698,0,330.0,331.3741741937252,26.61606799938454,1989.7350430001097,2000352.0,289.0834515269704,0.0,330,340,350,590,620,860,900,1100,1500,1800,2000
GET,/ws/soapservice.wsdl,100,0,26,30.509342640016257,3.063403999476577,94.73629999956756,3881.0,0.8331415399359341,0.0,27,37,41,46,60,66,90,95,95,95,95
,Aggregated,34798,0,330.0,330.5095703901913,3.063403999476577,1989.7350430001097,1994614.684637048,289.91659306690633,0.0,330,340,350,590,620,860,900,1100,1500,1800,2000
