Type,Name,Request Count,Failure Count,Median Response Time,Average Response Time,Min Response Time,Max Response Time,Average Content Size,Requests/s,Failures/s,50%,66%,75%,80%,90%,95%,98%,99%,99.9%,99.99%,100%
POST,/echo,71625,0,79,81.71731491171852,20.192164000036428,60114.48792400006,2000048.0,596.7243951560722,0.0,79,88,95,99,110,120,130,150,190,230,60000
,Aggregated,71625,0,79,81.71731491171852,20.192164000036428,60114.48792400006,2000048.0,596.7243951560722,0.0,79,88,95,99,110,120,130,150,190,230,60000
