Type,Name,Request Count,Failure Count,Median Response Time,Average Response Time,Min Response Time,Max Response Time,Average Content Size,Requests/s,Failures/s,50%,66%,75%,80%,90%,95%,98%,99%,99.9%,99.99%,100%
grpc,/Service/Modify,69279,0,67,69.83416860959223,20.120014999974956,389.2808270002206,2000025.0,576.9552471865564,0.0,67,76,82,86,98,110,120,130,180,340,390
,Aggregated,69279,0,67,69.83416860959223,20.120014999974956,389.2808270002206,2000025.0,576.9552471865564,0.0,67,76,82,86,98,110,120,130,180,340,390
