Type,Name,Request Count,Failure Count,Median Response Time,Average Response Time,Min Response Time,Max Response Time,Average Content Size,Requests/s,Failures/s,50%,66%,75%,80%,90%,95%,98%,99%,99.9%,99.99%,100%
grpc,/Service/Modify,68249,0,120.0,126.4540826677901,13.301443999807816,451.9239720002588,2000025.0,567.7685491032353,0.0,120,140,150,160,180,200,230,240,300,400,450
,Aggregated,68249,0,120.0,126.4540826677901,13.301443999807816,451.9239720002588,2000025.0,567.7685491032353,0.0,120,140,150,160,180,200,230,240,300,400,450
