Type,Name,Request Count,Failure Count,Median Response Time,Average Response Time,Min Response Time,Max Response Time,Average Content Size,Requests/s,Failures/s,50%,66%,75%,80%,90%,95%,98%,99%,99.9%,99.99%,100%
POST,/ws,31636,0,360.0,363.83258769199716,31.167701999947894,2207.1343960001286,2000356.0,263.4611108900341,0.0,360,380,400,610,690,790,1000,1100,1600,2000,2200
GET,/ws/soapservice.wsdl,100,0,66,68.6715354999842,14.083185000117737,183.47327300011784,3881.0,0.8327889457897145,0.0,66,87,91,97,110,160,170,180,180,180,180
,Aggregated,31736,0,360.0,362.9025364814098,14.083185000117737,2207.1343960001286,1994065.1158306024,264.2938998358238,0.0,360,380,400,610,690,780,1000,1100,1600,2000,2200
