Type,Name,Request Count,Failure Count,Median Response Time,Average Response Time,Min Response Time,Max Response Time,Average Content Size,Requests/s,Failures/s,50%,66%,75%,80%,90%,95%,98%,99%,99.9%,99.99%,100%
POST,/ws,30288,0,770.0,760.2717178168593,31.290467999951943,5640.280037000139,2000356.0,252.40718933237844,0.0,770,800,830,1400,1500,1600,2200,2300,3700,5000,5600
GET,/ws/soapservice.wsdl,200,0,38,44.72155771999496,2.404124999884516,144.18293600010657,3881.0,1.666714139807042,0.0,38,54,62,67,89,110,120,120,140,140,140
,Aggregated,30488,0,760.0,755.5777388080896,2.404124999884516,5640.280037000139,1987259.20781947,254.0739034721855,0.0,760,800,830,1400,1500,1600,2200,2300,3700,5000,5600
