Type,Name,Request Count,Failure Count,Median Response Time,Average Response Time,Min Response Time,Max Response Time,Average Content Size,Requests/s,Failures/s,50%,66%,75%,80%,90%,95%,98%,99%,99.9%,99.99%,100%
POST,/modify,64583,0,89,90.84603494877815,21.890429999984917,344.316169999729,2000048.0,538.1117298090172,0.0,89,99,110,110,130,140,150,170,210,260,340
,Aggregated,64583,0,89,90.84603494877815,21.890429999984917,344.316169999729,2000048.0,538.1117298090172,0.0,89,99,110,110,130,140,150,170,210,260,340
