Type,Name,Request Count,Failure Count,Median Response Time,Average Response Time,Min Response Time,Max Response Time,Average Content Size,Requests/s,Failures/s,50%,66%,75%,80%,90%,95%,98%,99%,99.9%,99.99%,100%
POST,/modify,64924,0,170.0,175.36992858378923,25.340368999877683,547.5820980000208,2000048.0,540.5754863657894,0.0,170,200,210,220,250,270,310,330,410,500,550
,Aggregated,64924,0,170.0,175.36992858378923,25.340368999877683,547.5820980000208,2000048.0,540.5754863657894,0.0,170,200,210,220,250,270,310,330,410,500,550
