Type,Name,Request Count,Failure Count,Median Response Time,Average Response Time,Min Response Time,Max Response Time,Average Content Size,Requests/s,Failures/s,50%,66%,75%,80%,90%,95%,98%,99%,99.9%,99.99%,100%
POST,/modify,66180,0,330.0,330.8186417995171,25.151501999971515,60783.44479999987,2000048.0,550.3904795243593,0.0,330,380,400,420,470,520,570,620,770,940,61000
,Aggregated,66180,0,330.0,330.8186417995171,25.151501999971515,60783.44479999987,2000048.0,550.3904795243593,0.0,330,380,400,420,470,520,570,620,770,940,61000
