Type,Name,Request Count,Failure Count,Median Response Time,Average Response Time,Min Response Time,Max Response Time,Average Content Size,Requests/s,Failures/s,50%,66%,75%,80%,90%,95%,98%,99%,99.9%,99.99%,100%
grpc,/Service/Modify,67295,0,230.0,237.26408906349704,13.658861999829242,830.5822520001129,2000025.0,558.9139062446944,0.0,230,270,290,310,350,380,410,440,570,720,830
,Aggregated,67295,0,230.0,237.26408906349704,13.658861999829242,830.5822520001129,2000025.0,558.9139062446944,0.0,230,270,290,310,350,380,410,440,570,720,830
