Type,Name,Request Count,Failure Count,Median Response Time,Average Response Time,Min Response Time,Max Response Time,Average Content Size,Requests/s,Failures/s,50%,66%,75%,80%,90%,95%,98%,99%,99.9%,99.99%,100%
POST,/ws,32826,0,170.0,170.0752742987582,27.7033290003601,894.281138000224,2000356.0,273.55167180089643,0.0,170,180,200,250,280,350,400,470,610,790,890
GET,/ws/soapservice.wsdl,50,0,74,62.1615023000777,17.18810999955167,93.98822200091672,3881.0,0.41666921312510885,0.0,75,80,80,81,84,87,94,94,94,94,94
,Aggregated,32876,0,170.0,169.91115188119116,17.18810999955167,894.281138000224,1997319.6284827837,273.9683410140216,0.0,170,180,200,250,280,350,400,470,610,790,890
