Type,Name,Request Count,Failure Count,Median Response Time,Average Response Time,Min Response Time,Max Response Time,Average Content Size,Requests/s,Failures/s,50%,66%,75%,80%,90%,95%,98%,99%,99.9%,99.99%,100%
POST,/modify,1132957,0,8,10.110824934501354,0.7086339992383728,447.1980970001823,412.0,9440.023684393886,0.0,8,10,11,11,14,16,20,100,200,340,450
,Aggregated,1132957,0,8,10.110824934501354,0.7086339992383728,447.1980970001823,412.0,9440.023684393886,0.0,8,10,11,11,14,16,20,100,200,340,450
