Type,Name,Request Count,Failure Count,Median Response Time,Average Response Time,Min Response Time,Max Response Time,Average Content Size,Requests/s,Failures/s,50%,66%,75%,80%,90%,95%,98%,99%,99.9%,99.99%,100%
grpc,/Service/Modify,6486387,0,1,1.3265130526873063,0.20406899966474157,140.81747599993832,387.0,54027.14479459776,0.0,1,1,2,2,2,2,3,3,5,8,140
,Aggregated,6486387,0,1,1.3265130526873063,0.20406899966474157,140.81747599993832,387.0,54027.14479459776,0.0,1,1,2,2,2,2,3,3,5,8,140
