Type,Name,Request Count,Failure Count,Median Response Time,Average Response Time,Min Response Time,Max Response Time,Average Content Size,Requests/s,Failures/s,50%,66%,75%,80%,90%,95%,98%,99%,99.9%,99.99%,100%
POST,/ws,758755,0,5,15.167612893342948,0.8748830005060881,719.7501559994635,720.0,6318.706521655438,0.0,5,6,8,10,38,78,130,170,320,470,720
GET,/ws/soapservice.wsdl,100,0,180.0,204.78846926998813,105.6440370002747,457.7762849994542,3882.0,0.8327729664589278,0.0,190,210,240,260,360,390,430,460,460,460,460
,Aggregated,758855,0,5,15.192600652055303,0.8748830005060881,719.7501559994635,720.4166803934876,6319.539294621897,0.0,5,6,8,10,38,79,130,170,320,470,720
