Type,Name,Request Count,Failure Count,Median Response Time,Average Response Time,Min Response Time,Max Response Time,Average Content Size,Requests/s,Failures/s,50%,66%,75%,80%,90%,95%,98%,99%,99.9%,99.99%,100%
grpc,/Service/Echo,7192719,0,1,1.1910052813786913,0.17171800027426798,79.08767699882446,27.0,59937.2860319705,0.0,1,1,1,2,2,2,2,3,3,5,79
,Aggregated,7192719,0,1,1.1910052813786913,0.17171800027426798,79.08767699882446,27.0,59937.2860319705,0.0,1,1,1,2,2,2,2,3,3,5,79
