Type,Name,Request Count,Failure Count,Median Response Time,Average Response Time,Min Response Time,Max Response Time,Average Content Size,Requests/s,Failures/s,50%,66%,75%,80%,90%,95%,98%,99%,99.9%,99.99%,100%
POST,/echo,2514064,0,4,4.4324310354737,0.6374439999490278,80.60054499947,56.0,20949.521687291843,0.0,4,5,5,5,6,7,8,9,12,17,81
,Aggregated,2514064,0,4,4.4324310354737,0.6374439999490278,80.60054499947,56.0,20949.521687291843,0.0,4,5,5,5,6,7,8,9,12,17,81
