Type,Name,Request Count,Failure Count,Median Response Time,Average Response Time,Min Response Time,Max Response Time,Average Content Size,Requests/s,Failures/s,50%,66%,75%,80%,90%,95%,98%,99%,99.9%,99.99%,100%
grpc,/Service/Echo,7378181,0,2,2.2367407855687564,0.18665800052986015,77.24939199943037,27.0,61480.573957624176,0.0,2,2,3,3,3,4,4,4,6,7,77
,Aggregated,7378181,0,2,2.2367407855687564,0.18665800052986015,77.24939199943037,27.0,61480.573957624176,0.0,2,2,3,3,3,4,4,4,6,7,77
