Type,Name,Request Count,Failure Count,Median Response Time,Average Response Time,Min Response Time,Max Response Time,Average Content Size,Requests/s,Failures/s,50%,66%,75%,80%,90%,95%,98%,99%,99.9%,99.99%,100%
POST,/echo,2387585,0,2,2.373027276025476,0.610404998951708,106.74350500084984,56.0,19895.714596516882,0.0,2,3,3,3,3,4,4,5,6,9,110
,Aggregated,2387585,0,2,2.373027276025476,0.610404998951708,106.74350500084984,56.0,19895.714596516882,0.0,2,3,3,3,3,4,4,5,6,9,110
