Type,Name,Request Count,Failure Count,Median Response Time,Average Response Time,Min Response Time,Max Response Time,Average Content Size,Requests/s,Failures/s,50%,66%,75%,80%,90%,95%,98%,99%,99.9%,99.99%,100%
POST,/echo,2578920,0,8,8.502243738861605,0.6343239983834792,115.73698699976376,56.0,21488.699251743205,0.0,8,9,10,11,12,14,16,17,25,65,120
,Aggregated,2578920,0,8,8.502243738861605,0.6343239983834792,115.73698699976376,56.0,21488.699251743205,0.0,8,9,10,11,12,14,16,17,25,65,120
