Type,Name,Request Count,Failure Count,Median Response Time,Average Response Time,Min Response Time,Max Response Time,Average Content Size,Requests/s,Failures/s,50%,66%,75%,80%,90%,95%,98%,99%,99.9%,99.99%,100%
POST,/ws,1157827,0,3,9.860318102781713,0.7946529995024321,345.79321699948196,360.0,9644.024946939307,0.0,3,4,6,10,27,46,73,94,160,230,350
GET,/ws/soapservice.wsdl,100,0,14,21.242918889993234,5.371111999920686,89.81732200027182,3881.0,0.8329417906940594,0.0,15,21,28,30,53,62,69,90,90,90,90
,Aggregated,1157927,0,3,9.86130111818659,0.7946529995024321,345.79321699948196,360.3040778909206,9644.857888730001,0.0,3,4,6,10,27,46,73,94,160,230,350
