Type,Name,Request Count,Failure Count,Median Response Time,Average Response Time,Min Response Time,Max Response Time,Average Content Size,Requests/s,Failures/s,50%,66%,75%,80%,90%,95%,98%,99%,99.9%,99.99%,100%
POST,/ws,1112552,0,3,20.86435482850517,0.7742369998595677,787.017057000412,360.0,9270.772014509737,0.0,3,5,18,29,68,110,160,200,330,460,790
GET,/ws/soapservice.wsdl,200,0,16,19.14931293996233,3.678536999359494,53.775726999447215,3881.0,1.6665777445925651,0.0,16,20,26,30,39,46,50,52,54,54,54
,Aggregated,1112752,0,3,20.86404657619225,0.7742369998595677,787.017057000412,360.63284541389277,9272.438592254332,0.0,3,5,18,29,68,110,160,200,330,460,790
