Type,Name,Request Count,Failure Count,Median Response Time,Average Response Time,Min Response Time,Max Response Time,Average Content Size,Requests/s,Failures/s,50%,66%,75%,80%,90%,95%,98%,99%,99.9%,99.99%,100%
grpc,/Service/Echo,6924697,0,1,0.6666652521168567,0.17374799972458277,91.4269000004424,27.0,57704.06454218688,0.0,1,1,1,1,1,1,1,1,2,6,91
,Aggregated,6924697,0,1,0.6666652521168567,0.17374799972458277,91.4269000004424,27.0,57704.06454218688,0.0,1,1,1,1,1,1,1,1,2,6,91
