Type,Name,Request Count,Failure Count,Median Response Time,Average Response Time,Min Response Time,Max Response Time,Average Content Size,Requests/s,Failures/s,50%,66%,75%,80%,90%,95%,98%,99%,99.9%,99.99%,100%
POST,/ws,1217618,0,4,4.381208181282577,0.8738619999348884,71.22815799993987,360.0,10143.259790013952,0.0,4,5,5,5,7,8,11,13,25,39,71
GET,/ws/soapservice.wsdl,50,0,12,13.761359219934093,3.9087149998522364,37.265199000103166,3881.0,0.4165206078595238,0.0,13,15,16,21,23,24,37,37,37,37,37
,Aggregated,1217668,0,4,4.381593349942618,0.8738619999348884,71.22815799993987,360.14457963911343,10143.676310621811,0.0,4,5,5,5,7,8,11,13,25,39,71
