Type,Name,Request Count,Failure Count,Median Response Time,Average Response Time,Min Response Time,Max Response Time,Average Content Size,Requests/s,Failures/s,50%,66%,75%,80%,90%,95%,98%,99%,99.9%,99.99%,100%
POST,/ws,1104645,0,3,20.99654281892175,0.7634129997313721,868.3698739996544,720.0,9205.12709335933,0.0,3,5,17,28,69,110,160,210,340,470,870
GET,/ws/soapservice.wsdl,200,0,14,18.901849385019887,2.4263200002678786,70.77377499990689,3881.0,1.6666217822665799,0.0,14,20,26,29,37,47,53,60,71,71,71
,Aggregated,1104845,0,3,20.996163635699865,0.7634129997313721,868.3698739996544,720.5722069611575,9206.793715141597,0.0,3,5,17,28,69,110,160,210,340,470,870
