Type,Name,Request Count,Failure Count,Median Response Time,Average Response Time,Min Response Time,Max Response Time,Average Content Size,Requests/s,Failures/s,50%,66%,75%,80%,90%,95%,98%,99%,99.9%,99.99%,100%
POST,/modify,2587319,0,8,8.383090347573896,0.726193999980751,94.78429399996458,412.0,21559.614346695536,0.0,8,9,10,10,12,14,15,17,24,64,95
,Aggregated,2587319,0,8,8.383090347573896,0.726193999980751,94.78429399996458,412.0,21559.614346695536,0.0,8,9,10,10,12,14,15,17,24,64,95
