Type,Name,Request Count,Failure Count,Median Response Time,Average Response Time,Min Response Time,Max Response Time,Average Content Size,Requests/s,Failures/s,50%,66%,75%,80%,90%,95%,98%,99%,99.9%,99.99%,100%
grpc,/Service/Modify,6457985,0,1,0.8310860191322866,0.16149800012499327,98.14442599963513,387.0,53815.278818571314,0.0,1,1,1,1,1,1,2,2,3,6,98
,Aggregated,6457985,0,1,0.8310860191322866,0.16149800012499327,98.14442599963513,387.0,53815.278818571314,0.0,1,1,1,1,1,1,2,2,3,6,98
