Type,Name,Request Count,Failure Count,Median Response Time,Average Response Time,Min Response Time,Max Response Time,Average Content Size,Requests/s,Failures/s,50%,66%,75%,80%,90%,95%,98%,99%,99.9%,99.99%,100%
grpc,/Service/Modify,7079044,0,1,1.2134809295380735,0.1986880006370484,66.65731599969149,387.0,58989.05631771976,0.0,1,1,1,2,2,2,2,3,3,5,67
,Aggregated,7079044,0,1,1.2134809295380735,0.1986880006370484,66.65731599969149,387.0,58989.05631771976,0.0,1,1,1,2,2,2,2,3,3,5,67
