Type,Name,Request Count,Failure Count,Median Response Time,Average Response Time,Min Response Time,Max Response Time,Average Content Size,Requests/s,Failures/s,50%,66%,75%,80%,90%,95%,98%,99%,99.9%,99.99%,100%
grpc,/Service/Modify,7363050,0,2,2.252606463300278,0.21685899992007762,82.39293600036035,387.0,61354.35025818374,0.0,2,2,3,3,3,4,4,4,6,7,82
,Aggregated,7363050,0,2,2.252606463300278,0.21685899992007762,82.39293600036035,387.0,61354.35025818374,0.0,2,2,3,3,3,4,4,4,6,7,82
