Type,Name,Request Count,Failure Count,Median Response Time,Average Response Time,Min Response Time,Max Response Time,Average Content Size,Requests/s,Failures/s,50%,66%,75%,80%,90%,95%,98%,99%,99.9%,99.99%,100%
POST,/modify,2524146,0,4,4.324174274329669,0.6317849997685698,66.47023899995474,412.0,21033.33033244792,0.0,4,5,5,5,6,7,8,8,11,16,66
,Aggregated,2524146,0,4,4.324174274329669,0.6317849997685698,66.47023899995474,412.0,21033.33033244792,0.0,4,5,5,5,6,7,8,8,11,16,66
