Type,Name,Request Count,Failure Count,Median Response Time,Average Response Time,Min Response Time,Max Response Time,Average Content Size,Requests/s,Failures/s,50%,66%,75%,80%,90%,95%,98%,99%,99.9%,99.99%,100%
POST,/modify,2407714,0,2,2.3534140108348502,0.5098960000395891,57.63809899963235,412.0,20054.949380951453,0.0,2,3,3,3,3,4,4,5,6,8,58
,Aggregated,2407714,0,2,2.3534140108348502,0.5098960000395891,57.63809899963235,412.0,20054.949380951453,0.0,2,3,3,3,3,4,4,5,6,8,58
