Type,Name,Request Count,Failure Count,Median Response Time,Average Response Time,Min Response Time,Max Response Time,Average Content Size,Requests/s,Failures/s,50%,66%,75%,80%,90%,95%,98%,99%,99.9%,99.99%,100%
POST,/ws,1162999,0,4,9.66655688599066,0.7811030000084429,469.94765199997346,720.0,9691.214878015011,0.0,4,5,6,8,25,44,72,93,170,240,470
GET,/ws/soapservice.wsdl,100,0,11,18.79257160999714,2.5205089996234165,113.61929900022005,3881.0,0.8332952030066243,0.0,11,15,21,28,44,77,83,110,110,110,110
,Aggregated,1163099,0,4,9.667341515220329,0.7811030000084429,469.94765199997346,720.2717739418571,9692.048173218018,0.0,4,5,6,8,25,44,72,93,170,240,470
