Type,Name,Request Count,Failure Count,Median Response Time,Average Response Time,Min Response Time,Max Response Time,Average Content Size,Requests/s,Failures/s,50%,66%,75%,80%,90%,95%,98%,99%,99.9%,99.99%,100%
POST,/ws,1216012,0,4,4.351054743076652,0.9198739999192185,48.54554799999278,720.0,10129.06314693146,0.0,4,5,5,5,6,7,9,11,19,29,49
GET,/ws/soapservice.wsdl,50,0,13,15.200748800007204,3.983673999982784,43.45529199986231,3881.0,0.41648697327540596,0.0,13,16,19,22,28,40,43,43,43,43,43
,Aggregated,1216062,0,4,4.351500842619971,0.9198739999192185,48.54554799999278,720.1299687022537,10129.479633904735,0.0,4,5,5,5,6,7,9,11,19,29,49
